davea    David Anderson <davea@ssl.berkeley.edu>
sorabji  David Anderson <davea@ssl.berkeley.edu>
boincadm   David Anderson <davea@ssl.berkeley.edu>
boincadmin David Anderson <davea@ssl.berkeley.edu>
romw     Rom Walton <rwalton@ssl.berkeley.edu>
rwalton  Rom Walton <rwalton@ssl.berkeley.edu>
charlief Charlie Fenton <charlief@example.com>
korpela Eric J. Korpela <korpela@ssl.berkeley.edu>
boinctrans BOINC Translator <boinctrans@ssl.berkeley.edu>
kevind Kevin Dalley <kevind@ssl.berkeley.edu>
jeffc Jeff Cobb <jeffc@ssl.berkeley.edu>
eheien Eric Heien <eric@heien.org>
jbk Janus B. Kristensen <jbk@visualgroup.dk>
ballen Bruce Allen <bruce.allen@aei.mpg.de>
quarl Karl Chen <quarl@quarl.org>
Dan_Werthimer Dan Werthimer <danw@ssl.berkeley.edu>
Didactylos David Barnard <david@didactylos.net>
bema Bernd Machenschalk <bernd.machenschalk@aei.mpg.de>
bobb Bob Bankay <bobb@ssl.berkeley.edu>
dhsu Daniel Hsu <dhsu@ssl.berkeley.edu>
fthomas Frank Thomas <frank@thomas-alfeld.de>
jm7 John McLeod VII <John.McLeod@sybase.com>
knreed Kevin Reed <knreed@us.ibm.com>
lana Lana Alber <lana@ssl.berkeley.edu>
teleyinex Daniel Lombraña González <teleyinex@gmail.com>
TuanLe Tuan Le <tuanle86@berkeley.edu>
waltg Walt Gribben <waltg@speakeasy.net>
vonkorff Josh Von Korff <vonkorff@gmail.com>
Wenjing Wenjing Wu <wuwj@hep.ac.cn>
Rytis  Rytis Slatkevičius <rytis.s@gmail.com>
rytiss Rytis Slatkevičius <rytis.s@gmail.com>
jens        Jens Seidler <jens@planet-seidler.de>
JensSeidler Jens Seidler <jens@planet-seidler.de>
repr  Reinhard Prix <reinhard.prix@aei.mpg.de>
rprix Reinhard Prix <reinhard.prix@aei.mpg.de>
mattl    Matt Lebofsky <mattl@ssl.berkeley.edu>
lebofsky Matt Lebofsky <mattl@ssl.berkeley.edu>
muon1183 Michael Gary <muon1183@yahoo.com>
owang Oliver Wang <owang@unknown.invalid>
bluong Barry Luong <barry@ssl.berkeley.edu>
mitravar Milos Travar <mitravar@unknown.invalid>
m.somers Mark Somers <m.somers@chem.leidenuniv.nl>
tonig Toni Giorgino <toni.giorgino@gmail.com>
robi Robi Buecheler <r_buecheler@hotmail.com>
boshesbr Brian Boshes <boshesbr@unknown.invalid>
noaa Noaa Avital <noaa@unknown.invalid>
gmg Gary Gibson <gmg@unknown.invalid>
hiram Hiram Clawson <hiram@soe.ucsc.edu>
cecile Cecile Kim <cecile@unknown.invalid>
hamidagh Hamid Aghdaee <hamidagh@unknown.invalid>
sethcooper Seth Cooper <sethcooper@unknown.invalid>
Tim_Lan Tim Lan <Tim_Lan@unknown.invalid>
kadam Adam Kornafeld <kadam@sztaki.hu>
fweiler Frank Weiler <frank@fweiler.eu>